Model,Memory Size,Battery Health,Price,Link
iphone 11 pro max,64 gb,84%,300 €,https://mobil.bazos.sk/inzerat/159892287/predam-iphone-11-pro-max-64-gb.php
iphone 12,64 gb,Battery health not found,300 €,https://mobil.bazos.sk/inzerat/160391666/iphone-12-64-gb-cierny.php
iphone 12,Memory size not found,Battery health not found,10 €,https://mobil.bazos.sk/inzerat/160265102/luxusne-kryty-skladom.php
iphone 13,128gb,91%,520 €,https://mobil.bazos.sk/inzerat/160455678/apple-iphone-13-blue-128gb.php
iphone 12 pro max,128gb,97%,530 €,https://mobil.bazos.sk/inzerat/160446402/iphone-12-pro-max-128gb-gold.php
iphone 12,128gb,85%,350 €,https://mobil.bazos.sk/inzerat/160419840/apple-iphone-12-128gb-black.php
iphone 15 plus,128gb,Battery health not found,790 €,https://mobil.bazos.sk/inzerat/160417889/iphone-15-plus-128gb-black.php
iphone 11 pro,256gb,91%,300 €,https://mobil.bazos.sk/inzerat/160396166/iphone-11-pro-256gb.php
iphone 13,128gb,90%,450 €,https://mobil.bazos.sk/inzerat/160408826/iphone-13-128gb-midnight.php
iphone 13 pro,128gb,90%,590 €,https://mobil.bazos.sk/inzerat/160407186/predam-iphone-13-pro-128gb-v-stopercentnom-stave-a-zaruke.php
iphone 15,256gb,Battery health not found,Dohodou,https://mobil.bazos.sk/inzerat/160406997/vymenim-iphone-15-256gb-za-14-pro-max-256-alebo-15-pro.php
iphone 8 plus,64gb,Battery health not found,170 €,https://mobil.bazos.sk/inzerat/160393882/iphone-8-plus-64gb.php
iphone 15 pro,128gb,Battery health not found,1 000 €,https://mobil.bazos.sk/inzerat/160386449/iphone-15-pro-128gb-black-titanium.php
Model not found,64gb,78%,160 €,https://mobil.bazos.sk/inzerat/160359424/iphone-xr-64gb-cierny.php
iphone 11,128gb,94%,320 €,https://mobil.bazos.sk/inzerat/159640506/apple-iphone-11-128gb-black.php
Model not found,Memory size not found,Battery health not found,49 €,https://elektro.bazos.sk/inzerat/159814287/airpods-pro-2.php
iphone 12 mini,64 gb,84%,300 €,https://mobil.bazos.sk/inzerat/160285847/iphone-12-mini.php
iphone 14 plus,128gb,98%,670 €,https://mobil.bazos.sk/inzerat/159812604/iphone-14-plus-fialovy-128gb.php
iphone 13 pro max,128gb,88%,630 €,https://mobil.bazos.sk/inzerat/160000966/iphone-13-pro-max.php
iphone 15 plus,256gb,Battery health not found,950 €,https://mobil.bazos.sk/inzerat/160273600/iphone-15-plus-pink-256gb.php
Model not found,128 gb,84%,210 €,https://mobil.bazos.sk/inzerat/160265692/iphone-xr.php
iphone 15,256gb,Battery health not found,900 €,https://mobil.bazos.sk/inzerat/159829461/iphone-15-black-256gb-cisto-novy.php
Model not found,Memory size not found,100%,30 €,https://oblecenie.bazos.sk/inzerat/160462739/nove-panske-tricko-karl-lagerfeld-velkost-s.php
Model not found,Memory size not found,Battery health not found,30 €,https://oblecenie.bazos.sk/inzerat/160462571/nove-panske-papuce-calvin-klein-velkost-42.php
Model not found,Memory size not found,Battery health not found,45 €,https://oblecenie.bazos.sk/inzerat/160462534/panske-chelsea-cizmy-tommy-hilfiger-velkostc40-v-zaruke.php
Model not found,Memory size not found,100%,60 €,https://oblecenie.bazos.sk/inzerat/160462472/panske-botasky-emporio-armani-velkost-c-40-13.php
iphone 14 plus,128gb,Battery health not found,650 €,https://mobil.bazos.sk/inzerat/160461827/iphone-14-plus.php
iphone 5,Memory size not found,Battery health not found,Dohodou,https://mobil.bazos.sk/inzerat/160461608/kupim-iphone-5c.php
iphone 15 pro max,256gb,Battery health not found,1 500 €,https://mobil.bazos.sk/inzerat/160461119/iphone-15-pro-max-256gb-apple-watch-se-2023.php
iphone 14 pro,256gb,Battery health not found,900 €,https://mobil.bazos.sk/inzerat/160460749/predam-iphone.php
Model not found,Memory size not found,Battery health not found,100 €,https://mobil.bazos.sk/inzerat/160460725/apple.php
iphone 15 pro max,Memory size not found,Battery health not found,7 €,https://mobil.bazos.sk/inzerat/160459897/iphone-15-pro-max-magsafe-kryt.php
iphone 14,Memory size not found,100%,450 €,https://mobil.bazos.sk/inzerat/160459086/iphone-14.php
iphone 13 pro,Memory size not found,Battery health not found,350 €,https://mobil.bazos.sk/inzerat/160459066/iphone-13-pro.php
iphone 13,Memory size not found,Battery health not found,300 €,https://mobil.bazos.sk/inzerat/160459030/iphone-13.php
iphone 12 pro,128gb,86%,420 €,https://mobil.bazos.sk/inzerat/160458223/iphone-12-pro-128gb-silver-vyborny-stav.php
iphone 12,128gb,Battery health not found,400 €,https://mobil.bazos.sk/inzerat/160456318/predam-apple-iphone-12-white-128gb.php
iphone 15 plus,Memory size not found,Battery health not found,7 €,https://mobil.bazos.sk/inzerat/160456258/iphone-15-plus-magsafe-kryt.php
Model not found,Memory size not found,Battery health not found,49 €,https://mobil.bazos.sk/inzerat/160455459/apple-iphone-se-strieborna-metaliza-pekny-stav.php
Model not found,64gb,80%,110 €,https://mobil.bazos.sk/inzerat/160455286/apple-iphone-xr-64gb-black.php
iphone 12 pro max,256gb,84%,499 €,https://mobil.bazos.sk/inzerat/160454860/iphone-12-pro-max.php
Model not found,Memory size not found,Battery health not found,150 €,https://elektro.bazos.sk/inzerat/160454514/opel-insignia-2009-2013.php
Model not found,128 gb,Battery health not found,100 €,https://mobil.bazos.sk/inzerat/160454196/iphone-xr-128-gb.php
iphone 14 pro,128 gb,100%,700 €,https://mobil.bazos.sk/inzerat/160453269/kupim-iphone-14-pro-ciernyfialovy.php
iphone 13,128gb,96%,480 €,https://mobil.bazos.sk/inzerat/160452805/iphone-13.php
iphone 5,Memory size not found,Battery health not found,5 €,https://mobil.bazos.sk/inzerat/160452293/predam-novy-power-case-na-iphone-55s5c.php
iphone 13 pro,Memory size not found,100%,600 €,https://mobil.bazos.sk/inzerat/160069503/iphone-13-pro-airpods-pro.php
iphone 12 mini,64gb,82%,210 €,https://mobil.bazos.sk/inzerat/160450103/apple-iphone-12-mini-64gb.php
iphone 11 pro max,64gb,76%,350 €,https://mobil.bazos.sk/inzerat/160449574/apple-iphone-11-pro-max-64gb-gold.php
iphone 14,Memory size not found,Battery health not found,35 €,https://mobil.bazos.sk/inzerat/160444119/iphone-14-kryt.php
iphone 11,64gb,Battery health not found,290 €,https://mobil.bazos.sk/inzerat/160443659/iphone-11-64gb.php
iphone 15,128 gb,Battery health not found,750 €,https://mobil.bazos.sk/inzerat/160443431/apple-15-128-gb.php
Model not found,256gb,Battery health not found,300 €,https://mobil.bazos.sk/inzerat/160438799/iphone-xs-max-256gb.php
iphone 13,128gb,93%,390 €,https://mobil.bazos.sk/inzerat/160438767/iphone-13-128gb-poskriabane-sklo.php
iphone 7,128gb,100%,150 €,https://mobil.bazos.sk/inzerat/160438712/iphone-7-128gb-red.php
Model not found,64gb,100%,220 €,https://mobil.bazos.sk/inzerat/160438686/iphone-x-64gb.php
iphone 13,Memory size not found,Battery health not found,10 €,https://mobil.bazos.sk/inzerat/160438286/magsafe-kryt-na-iphone-13.php
iphone 13,Memory size not found,Battery health not found,15 €,https://mobil.bazos.sk/inzerat/160438182/kryty-na-iphone-13.php
iphone 13,256 gb,100%,1 €,https://mobil.bazos.sk/inzerat/160436865/novy-iphone-13-256-gb-nabijacka-kryty-rozne-redukcie.php
iphone 15,128gb,Battery health not found,750 €,https://mobil.bazos.sk/inzerat/160436706/apple-iphone-15-128gb-cierna.php
iphone 8,64gb,85%,80 €,https://mobil.bazos.sk/inzerat/160436642/iphone.php
iphone 12 pro,Memory size not found,Battery health not found,3 €,https://mobil.bazos.sk/inzerat/160436584/zadne-ochranne-kryty-pre-iphone-12-pro.php
iphone 15 plus,256 gb,Battery health not found,949 €,https://mobil.bazos.sk/inzerat/160435166/predam-iphone-15-plus-256-gb-novy-green-zaruka-2-roky-doklad.php
iphone 12,64gb,100%,320 €,https://mobil.bazos.sk/inzerat/160434092/iphone-12-64gb-cierny.php
iphone 11,64gb,Battery health not found,250 €,https://mobil.bazos.sk/inzerat/160433233/predam-iphone-11-64gb.php
iphone 13 pro max,Memory size not found,Battery health not found,600 €,https://mobil.bazos.sk/inzerat/160432895/iphone-13-pro-max-128.php
Model not found,Memory size not found,98%,35 €,https://oblecenie.bazos.sk/inzerat/160431934/nove-damske-dzinsy-g-star-raw-3132.php
iphone 14 pro,128gb,100%,800 €,https://mobil.bazos.sk/inzerat/160430953/iphone-14-pro-128-black-100-zdravie-baterie.php
iphone 6,Memory size not found,Battery health not found,65 €,https://mobil.bazos.sk/inzerat/160430243/iphone-6-s.php
iphone 7,32gb,Battery health not found,100 €,https://mobil.bazos.sk/inzerat/160430196/iphone-7-gold-32gb.php
iphone 15 pro,Memory size not found,Battery health not found,7 €,https://mobil.bazos.sk/inzerat/160426882/iphone-15-pro-magsafe-kryt.php
iphone 15,128 gb,Battery health not found,800 €,https://mobil.bazos.sk/inzerat/160424247/iphone-15-128-gb-uplne-novy.php
iphone 13 pro max,512gb,Battery health not found,Dohodou,https://mobil.bazos.sk/inzerat/160424041/predam-mobil.php
iphone 11,64 gb,Battery health not found,200 €,https://mobil.bazos.sk/inzerat/160422593/predam-iphone-11-biely-64-gb.php
iphone 13 pro,128gb,88%,500 €,https://mobil.bazos.sk/inzerat/160421571/iphone-13-pro-128gb.php
iphone 11 pro,64gb,Battery health not found,300 €,https://mobil.bazos.sk/inzerat/160419493/iphone-11pro-64gb-space-grey.php
iphone 12,Memory size not found,Battery health not found,30 €,https://mobil.bazos.sk/inzerat/160418402/predam-nove-kryti-na-iphone-1212pro.php
iphone 12 mini,512gb,Battery health not found,220 €,https://pc.bazos.sk/inzerat/160418070/xbox-series-s.php
iphone 13 mini,256gb,20%,400 €,https://mobil.bazos.sk/inzerat/160417442/iphone-13-mini-256gb-blue.php
iphone 14,Memory size not found,Battery health not found,45 €,https://mobil.bazos.sk/inzerat/160416174/iphone-14-a-14-pro.php
iphone 15 pro,256gb,100%,900 €,https://mobil.bazos.sk/inzerat/160416114/kupim-iphone-15-pro-256gb.php
iphone 13,256gb,89%,400 €,https://mobil.bazos.sk/inzerat/160415061/iphone-13-256gb-blue.php
iphone 7,Memory size not found,Battery health not found,6 €,https://mobil.bazos.sk/inzerat/160414194/puzdro-pre-iphone-7.php
Model not found,64 gb,Battery health not found,120 €,https://mobil.bazos.sk/inzerat/160410901/xr.php
iphone 12,128gb,Battery health not found,300 €,https://mobil.bazos.sk/inzerat/160409335/iphone-12-128gb.php
iphone 6,16gb,100%,V texte,https://mobil.bazos.sk/inzerat/160408851/iphone-6s-biely-a-cierny.php
iphone 14,Memory size not found,Battery health not found,9 €,https://mobil.bazos.sk/inzerat/160408673/iphone-14-cierny-kryt-sklo.php
Model not found,64gb,Battery health not found,250 €,https://mobil.bazos.sk/inzerat/160406252/iphone-xs-64gb-ako-novy.php
iphone 12,64gb,90%,350 €,https://mobil.bazos.sk/inzerat/160405677/iphone-12-64gb.php
iphone 14 pro,128gb,94%,850 €,https://mobil.bazos.sk/inzerat/160404032/iphone-14-pro-128gb-v-zaruke.php
iphone 13 pro,128gb,87%,650 €,https://mobil.bazos.sk/inzerat/160403983/iphone-13-pro-128gb-stav-noveho-mobilu.php
Model not found,Memory size not found,Battery health not found,10 €,https://mobil.bazos.sk/inzerat/160399823/11-ochrannych-skiel-a-kryty.php
iphone 14,128gb,88%,520 €,https://mobil.bazos.sk/inzerat/160398945/iphone-14-128gb.php
iphone 11 pro max,256gb,82%,380 €,https://mobil.bazos.sk/inzerat/160396580/predam-iphone-11-pro-max-256gb.php
iphone 15,Memory size not found,Battery health not found,7 €,https://mobil.bazos.sk/inzerat/160395948/iphone-15-magsafe-kryt.php
iphone 13,Memory size not found,Battery health not found,8 €,https://mobil.bazos.sk/inzerat/160395476/iphone-13-zeleny-kryt-sklo.php
iphone 14 pro max,Memory size not found,Battery health not found,999 €,https://mobil.bazos.sk/inzerat/160095485/iphone-14-pro-max-1-tb-dark-purple-tmava-fialova.php
iphone 13,256gb,Battery health not found,515 €,https://mobil.bazos.sk/inzerat/160384781/iphone-13-256gb.php
iphone 13,128gb,88%,500 €,https://mobil.bazos.sk/inzerat/160384720/iphone-13-128gb.php
iphone 12 pro max,128gb,88%,500 €,https://mobil.bazos.sk/inzerat/160382729/apple-iphone-12-pro-max-128gb.php
iphone 15,256gb,100%,750 €,https://mobil.bazos.sk/inzerat/160382641/predam-iphone-15-256gb.php
iphone 8,64gb,100%,180 €,https://mobil.bazos.sk/inzerat/160382215/iphone-8-64gb.php
Model not found,128gb,Battery health not found,V texte,https://mobil.bazos.sk/inzerat/160381277/iphone-se-2016.php
iphone 15,Memory size not found,Battery health not found,8 €,https://mobil.bazos.sk/inzerat/160380860/iphone-15-kryt-obal.php
iphone 15,256gb,Battery health not found,800 €,https://mobil.bazos.sk/inzerat/160378944/predam-iphone-15-256gb.php
iphone 5,Memory size not found,Battery health not found,20 €,https://mobil.bazos.sk/inzerat/160375862/predam-iphone-5.php
iphone 13,Memory size not found,Battery health not found,8 €,https://mobil.bazos.sk/inzerat/160374953/iphone-13-modry-kryt-sklo.php
iphone 11,64 gb,Battery health not found,250 €,https://mobil.bazos.sk/inzerat/160374784/iphone-11.php
iphone 12 pro max,256 gb,Battery health not found,460 €,https://mobil.bazos.sk/inzerat/160371417/iphone-12-pro-max-256-gb-silver.php
iphone 14 pro,Memory size not found,Battery health not found,630 €,https://mobil.bazos.sk/inzerat/160369574/samsung-galaxy-s22-ultra-na-predaj.php
iphone 13,Memory size not found,Battery health not found,5 €,https://mobil.bazos.sk/inzerat/160369042/iphone-13-kryt-obal-puzdro.php
iphone 13 pro,128gb,89%,650 €,https://mobil.bazos.sk/inzerat/160359850/predamvymenim-iphone-13-pro.php
iphone 14 pro,Memory size not found,Battery health not found,25 €,https://mobil.bazos.sk/inzerat/160359759/iphone-14-pro-case.php
iphone 12 mini,128gb,Battery health not found,330 €,https://mobil.bazos.sk/inzerat/160359337/predam-apple-iphone-12-mini-128gb-biely.php
iphone 11 pro,64gb,Battery health not found,280 €,https://mobil.bazos.sk/inzerat/160358321/apple-iphone-11-pro-64gb-gold.php
Model not found,64 gb,100%,250 €,https://mobil.bazos.sk/inzerat/160358260/apple-iphone-xr-64-gb-biele.php
iphone 12 pro,128gb,82%,380 €,https://mobil.bazos.sk/inzerat/160354686/iphone-12-pro-128gb.php
iphone 14 pro max,256gb,Battery health not found,950 €,https://mobil.bazos.sk/inzerat/160354616/predam-iphone-14-pro-max-256gb-gold-top-stav.php
iphone 14,256gb,94%,770 €,https://mobil.bazos.sk/inzerat/160354529/iphone-14-256gb.php
Model not found,64gb,Battery health not found,165 €,https://mobil.bazos.sk/inzerat/160354438/apple-iphone-xr.php
iphone 7,128gb,88%,140 €,https://mobil.bazos.sk/inzerat/160350407/apple-iphone-7-128gb-rose-gold.php
iphone 15,256gb,100%,900 €,https://mobil.bazos.sk/inzerat/160350140/predam-iphone-15-256gb.php
iphone 14 pro max,512gb,Battery health not found,850 €,https://mobil.bazos.sk/inzerat/160350016/huawei-mate-xs2.php
iphone 14 pro max,512gb,Battery health not found,850 €,https://mobil.bazos.sk/inzerat/160350017/huawei-mate-xs2.php
Model not found,Memory size not found,100%,60 €,https://oblecenie.bazos.sk/inzerat/160349564/panskakvalitnakozena-buda-velkost-l.php
iphone 13 mini,128gb,88%,419 €,https://mobil.bazos.sk/inzerat/160349041/apple-iphone-13-mini-128gb-aj-vymena.php
iphone 14 pro,Memory size not found,Battery health not found,9 €,https://mobil.bazos.sk/inzerat/160346344/iphone-14-pro-fialovy-kryt-sklo-novy.php
iphone 11,64gb,77%,200 €,https://mobil.bazos.sk/inzerat/160346258/iphone-11-64gb-biely.php
iphone 14 pro max,Memory size not found,Battery health not found,9 €,https://mobil.bazos.sk/inzerat/160345678/iphone-14-pro-max-biely-kryt-sklo.php
iphone 8,64gb,100%,120 €,https://mobil.bazos.sk/inzerat/160344926/iphone-8-64gb.php
iphone 11 pro,256 gb,95%,320 €,https://mobil.bazos.sk/inzerat/160343263/predam-iphone-11-pro-256-gb.php
iphone 12 pro max,128gb,85%,500 €,https://mobil.bazos.sk/inzerat/160342966/iphone-12-pro-max-pacific-blue.php
iphone 6,Memory size not found,Battery health not found,15 €,https://mobil.bazos.sk/inzerat/160342591/iphone6s-na-diely.php
Model not found,Memory size not found,Battery health not found,8 €,https://auto.bazos.sk/inzerat/160340571/1224v-rozdvojka-s-usb-pd-a-voltmetrom.php
iphone 8,64gb,76%,90 €,https://mobil.bazos.sk/inzerat/160340234/iphone-8-64gb.php
iphone 12,128gb,92%,400 €,https://mobil.bazos.sk/inzerat/160338518/iphone-12-black.php
iphone 13,256gb,88%,449 €,https://mobil.bazos.sk/inzerat/160059186/iphone-13-256gb-88-bateria.php
Model not found,Memory size not found,Battery health not found,649 €,https://mobil.bazos.sk/inzerat/160061937/apple-watch-ultra-2.php
iphone 15 pro,Memory size not found,Battery health not found,20 €,https://mobil.bazos.sk/inzerat/160336805/ochranne-sklokamerakryt-iphone-15-pro.php
iphone 6,64gb,Battery health not found,120 €,https://mobil.bazos.sk/inzerat/160059050/predam-iphone-6s-plus-64gb.php
iphone 15,128gb,Battery health not found,800 €,https://mobil.bazos.sk/inzerat/160334054/iphone-15-128gb-black.php
iphone 8 plus,64gb,Battery health not found,135 €,https://mobil.bazos.sk/inzerat/160333122/iphone-8-plus-zachovaly.php
iphone 13 pro,256gb,Battery health not found,670 €,https://mobil.bazos.sk/inzerat/160330178/predam-iphone-13-pro-256gb.php
iphone 13 mini,128gb,86%,400 €,https://mobil.bazos.sk/inzerat/160326959/iphone-13-mini.php
iphone 13 mini,Memory size not found,Battery health not found,5 €,https://mobil.bazos.sk/inzerat/160319535/apple-iphone-13-mini-obal-a-ochranne-sklo.php
Model not found,64gb,83%,160 €,https://mobil.bazos.sk/inzerat/160319300/apple-iphone-xr-product-red.php
iphone 12,64gb,86%,290 €,https://mobil.bazos.sk/inzerat/160317515/iphone-12-64gb.php
iphone 14 plus,128gb,Battery health not found,720 €,https://mobil.bazos.sk/inzerat/160317399/apple-iphone-14-plus-128gb-tmavo-modry-dobry-stav.php
iphone 13 pro,Memory size not found,Battery health not found,5 €,https://mobil.bazos.sk/inzerat/160316090/iphone-13-pro-modry-kryt.php
iphone 14,128gb,Battery health not found,650 €,https://mobil.bazos.sk/inzerat/160315503/apple-iphone-14white-128gb.php
Model not found,128gb,81%,150 €,https://mobil.bazos.sk/inzerat/160315105/iphone-xr-128gb.php
iphone 12 mini,128gb,100%,350 €,https://mobil.bazos.sk/inzerat/160314918/apple-iphone-12-mini-128gb-biely.php
Model not found,64gb,81%,145 €,https://mobil.bazos.sk/inzerat/160313658/predam-iphone-xs-64gb.php
iphone 12 mini,Memory size not found,Battery health not found,250 €,https://mobil.bazos.sk/inzerat/160311506/kupim-iphone-12-mini.php
Model not found,Memory size not found,Battery health not found,85 €,https://oblecenie.bazos.sk/inzerat/160310955/karl-lagerfeld-crossbody.php
iphone 12,64 gb,Battery health not found,440 €,https://mobil.bazos.sk/inzerat/160310317/apple-iphone-12-64-gb.php
iphone 15,128 gb,Battery health not found,Dohodou,https://mobil.bazos.sk/inzerat/160308000/iphone-15-128-gb.php
Model not found,Memory size not found,Battery health not found,4 €,https://mobil.bazos.sk/inzerat/160306290/apple-lightning-usb-kabel-1m.php
iphone 14 pro max,128gb,100%,650 €,https://mobil.bazos.sk/inzerat/160305327/apple-iphone-14-pro-max-128gb.php
iphone 14 plus,128gb,100%,650 €,https://mobil.bazos.sk/inzerat/160301514/iphone-14-plus-128gb-purple.php
iphone 12 mini,128 gb,Battery health not found,400 €,https://mobil.bazos.sk/inzerat/160301352/predam-iphone-12-mini.php
Model not found,32gb,Battery health not found,50 €,https://mobil.bazos.sk/inzerat/160301186/iphone-se-32gb.php
iphone 13 pro max,128 gb,89%,615 €,https://mobil.bazos.sk/inzerat/160296098/iphone-13-pro-max-128-gb-silver.php
iphone 12 pro,256gb,87%,450 €,https://mobil.bazos.sk/inzerat/160291243/iphone-12-256gb-bielej-farby.php
iphone 12 mini,64gb,100%,505 €,https://mobil.bazos.sk/inzerat/160290624/apple-iphone-11-pro-64gb-zaruka-12-mesiacov.php
iphone 13 mini,128gb,Battery health not found,425 €,https://mobil.bazos.sk/inzerat/160281900/iphone-13-mini.php
iphone 11,Memory size not found,Battery health not found,5 €,https://mobil.bazos.sk/inzerat/160280321/novy-kryt-iphone-11.php
Model not found,256gb,82%,245 €,https://mobil.bazos.sk/inzerat/160279004/iphone-xs-max-gold-256gb.php
Model not found,256gb,Battery health not found,590 €,https://mobil.bazos.sk/inzerat/160278260/samsung-s23-256gb.php
iphone 14 plus,Memory size not found,Battery health not found,9 €,https://mobil.bazos.sk/inzerat/160275180/iphone-14-plus-fialovy-kryt-sklo.php
iphone 13,Memory size not found,Battery health not found,3 €,https://mobil.bazos.sk/inzerat/160273510/iphone-13-kryt-pouzivany.php
Model not found,Memory size not found,100%,40 €,https://oblecenie.bazos.sk/inzerat/160273066/novekvalitne-panske-dzinsy-diesel-velkost-3332.php
Model not found,64gb,80%,140 €,https://mobil.bazos.sk/inzerat/160272926/iphone-se-2020.php
Model not found,Memory size not found,100%,40 €,https://oblecenie.bazos.sk/inzerat/160272840/nove-panskekvalitne-dzinsy-tommy-hilfiger-4034.php
Model not found,64gb,85%,150 €,https://mobil.bazos.sk/inzerat/160272132/iphone-se-2020-64gb-black.php
iphone 11 pro,64gb,81%,350 €,https://mobil.bazos.sk/inzerat/160271979/iphone-11-pro-64gb-space-grey.php
iphone 11,Memory size not found,Battery health not found,30 €,https://mobil.bazos.sk/inzerat/160270160/original-cierny-lcd-displej-na-apple-iphone-11.php
iphone 8,64gb,84%,130 €,https://mobil.bazos.sk/inzerat/159592760/predam-iphone-8-black-64gb-s-nabijackou.php
Model not found,64 gb,Battery health not found,150 €,https://mobil.bazos.sk/inzerat/160267614/iphone-x-64-gb.php
Model not found,Memory size not found,Battery health not found,90 €,https://elektro.bazos.sk/inzerat/160266955/radiator-kupelnovy-rebrikovy-180-cm.php
iphone 15 promax,Memory size not found,35%,1 €,https://mobil.bazos.sk/inzerat/160262492/iphone15promax.php
Model not found,64gb,87%,150 €,https://mobil.bazos.sk/inzerat/160262271/iphone-se-2020-64gb.php
iphone 13 mini,256 gb,100%,650 €,https://mobil.bazos.sk/inzerat/160261254/iphone-13-mini-256-gb-uplne-novy-bohate-prislusenstv.php
iphone 3,Memory size not found,Battery health not found,V texte,https://mobil.bazos.sk/inzerat/160259608/nabijacia-stanica-iphone-3-v-jednom.php
Model not found,64gb,Battery health not found,Ponúknite,https://mobil.bazos.sk/inzerat/160256869/iphone-xs.php
iphone 11,64gb,77%,230 €,https://mobil.bazos.sk/inzerat/160252201/predam-iphone-11.php
Model not found,Memory size not found,100%,V texte,https://sluzby.bazos.sk/inzerat/159412048/phonecare-nitra-servis-telefonov.php
iphone 12,64gb,87%,350 €,https://mobil.bazos.sk/inzerat/160250368/iphone-12-64gb-blue.php
iphone 13 pro,256gb,85%,630 €,https://mobil.bazos.sk/inzerat/160238436/iphone-13pro-256gb.php
iphone 6 plus,Memory size not found,100%,5 €,https://mobil.bazos.sk/inzerat/160236296/ztylus-metal-krytrevolver-pre-apple-iphone-6-plus6s-plus.php
iphone 34,Memory size not found,Battery health not found,34 €,https://sport.bazos.sk/inzerat/160235732/blulink-bt-modul-na-gate-aster.php
iphone 7,Memory size not found,Battery health not found,10 €,https://mobil.bazos.sk/inzerat/160232157/ponukam-kryty-na-iphone-78se2-se3.php
Model not found,Memory size not found,Battery health not found,5 €,https://mobil.bazos.sk/inzerat/160231810/ochranne-temperovane-sklo-na-apple-iphone.php
iphone 13,128gb,100%,500 €,https://mobil.bazos.sk/inzerat/160229787/iphone-13-midnight.php
iphone 7,32gb,77%,100 €,https://mobil.bazos.sk/inzerat/160229460/iphone-7-32gb.php
Model not found,128gb,Battery health not found,150 €,https://mobil.bazos.sk/inzerat/160229029/samsung-galaxy-s-10-plus-128gb-dual-sim.php
Model not found,64gb,75%,110 €,https://mobil.bazos.sk/inzerat/160227992/iphone-se-2020.php
Model not found,Memory size not found,81%,125 €,https://mobil.bazos.sk/inzerat/160227031/predam-iphone-se2020128gb.php
iphone 14 pro max,512gb,Battery health not found,850 €,https://mobil.bazos.sk/inzerat/160217372/huawei-mate-xs-2.php
iphone 5,Memory size not found,Battery health not found,20 €,https://mobil.bazos.sk/inzerat/160216931/iphone-5s.php
Model not found,64gb,Battery health not found,120 €,https://mobil.bazos.sk/inzerat/160215257/iphone-xr-biely-64gb.php
iphone 8,Memory size not found,Battery health not found,3 €,https://mobil.bazos.sk/inzerat/160208760/ochranne-sklo-na-iphone-8.php
iphone 14,Memory size not found,Battery health not found,9 €,https://mobil.bazos.sk/inzerat/160203101/iphone-14-modry-kryt-sklo.php
iphone 14 plus,Memory size not found,Battery health not found,9 €,https://mobil.bazos.sk/inzerat/160203049/iphone-14-plus-cerveny-kryt-sklo.php
iphone 13 mini,Memory size not found,Battery health not found,5 €,https://mobil.bazos.sk/inzerat/160198664/kryt-uag-a-spigen.php
Model not found,64gb,Battery health not found,240 €,https://mobil.bazos.sk/inzerat/160196195/iphone-xs-64gb.php
iphone 11,256gb,84%,299 €,https://mobil.bazos.sk/inzerat/160195923/iphone-11-256gb-white.php
iphone 12 pro,128gb,Battery health not found,520 €,https://mobil.bazos.sk/inzerat/160195010/iphone-12pro-128gb.php
Model not found,Memory size not found,Battery health not found,100 €,https://mobil.bazos.sk/inzerat/160193061/predam-vymenim.php
iphone 6,16gb,87%,60 €,https://mobil.bazos.sk/inzerat/160190483/iphone-6.php
iphone 15,128gb,Battery health not found,850 €,https://mobil.bazos.sk/inzerat/160188576/iphone-15-128gb-zeleny.php
iphone 13 mini,512 gb,82%,649 €,https://mobil.bazos.sk/inzerat/159915933/iphone-13-mini-512-gb-starlight.php
Model not found,Memory size not found,Battery health not found,800 €,https://sport.bazos.sk/inzerat/160186610/hodinky.php
iphone 12,64gb,80%,290 €,https://mobil.bazos.sk/inzerat/159911043/iphone-12-64gb-black.php
iphone 12 pro,128gb,Battery health not found,430 €,https://mobil.bazos.sk/inzerat/159907891/apple-iphone-12-pro-128gb-graphite.php
Model not found,64gb,Battery health not found,170 €,https://mobil.bazos.sk/inzerat/160176718/iphone-xs.php
Model not found,64gb,83%,120 €,https://mobil.bazos.sk/inzerat/160174765/predam-iphone-se-2020-black-64gb.php
iphone 12 pro,128gb,88%,390 €,https://mobil.bazos.sk/inzerat/160173305/predam-apple-iphone-12-pro-128gb-pacific-blue.php
iphone 6,32gb,Battery health not found,70 €,https://mobil.bazos.sk/inzerat/160172863/iphone-6s.php
Model not found,Memory size not found,Battery health not found,V texte,https://mobil.bazos.sk/inzerat/160171853/displeje.php
iphone 12 mini,Memory size not found,Battery health not found,3 €,https://mobil.bazos.sk/inzerat/160171547/kryt-pre-iphone-12-mini.php
iphone 13 mini,128gb,100%,550 €,https://mobil.bazos.sk/inzerat/160169634/apple-iphone-13mini.php
Model not found,Memory size not found,Battery health not found,10 €,https://mobil.bazos.sk/inzerat/160168516/xiaomi-mi-band-3-komplet-balenie.php
iphone 6,Memory size not found,Battery health not found,Ponúknite,https://mobil.bazos.sk/inzerat/160166994/apple-iphone-6s-plus.php
iphone 14 plus,Memory size not found,Battery health not found,9 €,https://mobil.bazos.sk/inzerat/160166907/iphone-14-plus-biely-kryt-sklo.php
Model not found,Memory size not found,100%,25 €,https://oblecenie.bazos.sk/inzerat/160166867/panska-mancestrova-kosela-rifle-velkost-l.php
Model not found,Memory size not found,100%,25 €,https://oblecenie.bazos.sk/inzerat/160166817/panska-mancestrova-kosela-replay-velkost-l.php
iphone 11 pro,Memory size not found,Battery health not found,V texte,https://mobil.bazos.sk/inzerat/160160338/predam-nove-kryty-na-iphone-11pro.php
iphone 11 pro,Memory size not found,Battery health not found,5 €,https://mobil.bazos.sk/inzerat/160160332/predam-nove-kryty-na-iphone-11pro.php
Model not found,Memory size not found,Battery health not found,2 €,https://mobil.bazos.sk/inzerat/160160324/predam-obaly-na-iphone-xs.php
iphone 7,Memory size not found,Battery health not found,5 €,https://mobil.bazos.sk/inzerat/160160320/alu-kryty-na-iphone-78.php
iphone 12 pro,Memory size not found,Battery health not found,8 €,https://mobil.bazos.sk/inzerat/160160313/alu-kryt-na-iphone-12-pro.php
iphone 13 pro max,256gb,Battery health not found,730 €,https://mobil.bazos.sk/inzerat/159881627/predam-apple-iphone-13-pro-max-256gb.php
Model not found,256 gb,Battery health not found,230 €,https://mobil.bazos.sk/inzerat/160156637/iphone-apple-x-256-gb-cierny.php
iphone 11 pro,Memory size not found,Battery health not found,10 €,https://mobil.bazos.sk/inzerat/160156616/puzdra-iphone-11-pro.php
Model not found,256gb,Battery health not found,240 €,https://mobil.bazos.sk/inzerat/160156600/apple-iphone-x-256gb-biely.php
Model not found,Memory size not found,Battery health not found,25 €,https://mobil.bazos.sk/inzerat/160154698/cubot-note-9.php
Model not found,Memory size not found,Battery health not found,145 €,https://deti.bazos.sk/inzerat/160150757/4mooms-mamaroo-plush.php
iphone 12 mini,128 gb,100%,300 €,https://mobil.bazos.sk/inzerat/159845032/iphone-12-mini-128-gb.php
iphone 13 pro max,128gb,87%,650 €,https://mobil.bazos.sk/inzerat/160147543/apple-13-pro-max.php
iphone 12 pro max,Memory size not found,Battery health not found,25 €,https://mobil.bazos.sk/inzerat/160146750/kryty-na-iphone-12-pro-max-samsung-apple-watch.php
iphone 12 pro,128gb,84%,430 €,https://mobil.bazos.sk/inzerat/160146451/predaj-iphone-12-pro-128gb.php
Model not found,256 gb,87%,330 €,https://mobil.bazos.sk/inzerat/160145205/predam-iphone-pro-256-gbmoznost-dohody-na-cene.php
Model not found,64 gb,80%,180 €,https://mobil.bazos.sk/inzerat/160144906/iphone-xr-64-gb.php
Model not found,Memory size not found,Battery health not found,270 €,https://elektro.bazos.sk/inzerat/160144632/apple-watch-se-2gen-44-mm-midnight-predam.php
iphone 15,Memory size not found,Battery health not found,35 €,https://mobil.bazos.sk/inzerat/160141950/apple-iphone-15-silicon-case-obal-puzdro-pre-iphone-15.php
Model not found,Memory size not found,Battery health not found,10 €,https://mobil.bazos.sk/inzerat/160138780/iphone-x-xs.php
Model not found,Memory size not found,Battery health not found,15 €,https://mobil.bazos.sk/inzerat/160138285/swissten-wireless-3v1-stand.php
iphone 13,128gb,99%,500 €,https://mobil.bazos.sk/inzerat/160135914/iphone-13-128gb.php
iphone 13,Memory size not found,Battery health not found,8 €,https://mobil.bazos.sk/inzerat/160135858/iphone-13-cerveny-kryt-sklo.php
iphone 15 pro,Memory size not found,Battery health not found,Dohodou,https://mobil.bazos.sk/inzerat/160135188/prislusenstvo-k-iphone-15-pro.php
Model not found,Memory size not found,Battery health not found,500 €,https://hudba.bazos.sk/inzerat/160124463/epiphone-les-paul-custom.php
iphone 13 pro max,Memory size not found,Battery health not found,8 €,https://mobil.bazos.sk/inzerat/160122937/puzdro-iphone-13-pro-max-nove.php
iphone 13 pro max,256gb,Battery health not found,680 €,https://mobil.bazos.sk/inzerat/160121411/apple-iphone-13-pro-max-256gb.php
iphone 14 pro,128gb,90%,800 €,https://mobil.bazos.sk/inzerat/160118225/iphone-14-pro-128gb-silver.php
iphone 13 pro max,128gb,87%,650 600 €,https://mobil.bazos.sk/inzerat/160118109/iphone-lepsi-cena.php
iphone 15 pro max,256 gb,100%,1 200 €,https://mobil.bazos.sk/inzerat/159831272/apple-iphone-15-pro-max-256-gb-black.php
iphone 8,Memory size not found,100%,135 €,https://mobil.bazos.sk/inzerat/160110120/iphone-8.php
iphone 12,64gb,89%,300 €,https://mobil.bazos.sk/inzerat/160103532/apple-12.php
iphone 12 pro max,128gb,85%,500 €,https://mobil.bazos.sk/inzerat/160103039/iphone-12-pro-max.php
iphone 15 pro,Memory size not found,Battery health not found,13 €,https://mobil.bazos.sk/inzerat/160103009/kryt-iphone-15pro.php
iphone 14,Memory size not found,Battery health not found,680 €,https://pc.bazos.sk/inzerat/160102678/asus-tuf-gaming-f15-506.php
Model not found,128gb,100%,175 €,https://mobil.bazos.sk/inzerat/160099340/iphone-se2020-128gb.php
iphone 5,16gb,Battery health not found,50 €,https://mobil.bazos.sk/inzerat/160099328/iphone-5.php
iphone 14,Memory size not found,Battery health not found,9 €,https://mobil.bazos.sk/inzerat/160099129/iphone-14-zeleny-kryt-sklo.php
iphone 8 mini,Memory size not found,Battery health not found,120 €,https://mobil.bazos.sk/inzerat/160097484/iphone-8-mini.php
iphone 12,64 gb,84%,300 €,https://mobil.bazos.sk/inzerat/160095832/apple-iphone-12.php
Model not found,Memory size not found,Battery health not found,5 €,https://mobil.bazos.sk/inzerat/160095535/iphone-nabijaci-kabel.php
iphone 12 pro,128gb,87%,440 €,https://mobil.bazos.sk/inzerat/160094123/predam-iphone-12-pro-128gb.php
iphone 15 pro max,256 gb,Battery health not found,1 298 €,https://mobil.bazos.sk/inzerat/160088949/iphone-15-pro-max-256-gb-natural-titanium.php
iphone 12,128 gb,88%,300 €,https://mobil.bazos.sk/inzerat/160086359/predam-iphone-12-128-gb.php
iphone 11,64gb,83%,200 €,https://mobil.bazos.sk/inzerat/160080809/iphone-11-64gb.php
Model not found,128gb,83%,160 €,https://mobil.bazos.sk/inzerat/160079697/iphone-xr-128gb-biely.php
Model not found,Memory size not found,90%,100 €,https://oblecenie.bazos.sk/inzerat/160076507/panskykvalitny-oblek-kosela-giorgio-armani-velkost-54.php
Model not found,Memory size not found,100%,35 €,https://oblecenie.bazos.sk/inzerat/160076293/nove-damske-elegantne-dzinsy-tommy-hilfiger.php
Model not found,Memory size not found,98%,35 €,https://oblecenie.bazos.sk/inzerat/160076166/nove-damskekvalitne-dzinsy-g-star-raw-velkost-3234.php
Model not found,Memory size not found,60%,35 €,https://oblecenie.bazos.sk/inzerat/160076090/novedamskekvalitne-dzinsy-guess-slim-fit-velkost-2932.php
iphone 13 pro,128gb,88%,630 €,https://mobil.bazos.sk/inzerat/159264022/iphone-13-pro-128gb.php
iphone 15 pro,128gb,Battery health not found,1 098 €,https://mobil.bazos.sk/inzerat/160068170/iphone-15pro-128gb-black-titanium.php
iphone 15 pro,128gb,Battery health not found,1 098 €,https://mobil.bazos.sk/inzerat/160068043/iphone-15pro-128gb-natural-titanium.php
